{
  "projects/sel4runtime": {
    "last_fetch": 1762061595.445375,
    "last_checkout": 1762061595.445375
  },
  "projects/sel4test": {
    "last_fetch": 1762061595.445375,
    "last_checkout": 1762061595.445375
  },
  "projects/sel4_projects_libs": {
    "last_fetch": 1762061595.445375,
    "last_checkout": 1762061595.445375
  },
  "projects/util_libs": {
    "last_fetch": 1762061595.445375,
    "last_checkout": 1762061595.445375
  },
  "projects/seL4_libs": {
    "last_fetch": 1762061595.445375,
    "last_checkout": 1762061595.445375
  },
  "tools/nanopb": {
    "last_fetch": 1762061595.445375,
    "last_checkout": 1762061595.445375
  },
  "tools/seL4": {
    "last_fetch": 1762061595.445375,
    "last_checkout": 1762061595.445375
  },
  "tools/opensbi": {
    "last_fetch": 1762061595.445375,
    "last_checkout": 1762061595.445375
  },
  "projects/musllibc": {
    "last_fetch": 1762061595.445375,
    "last_checkout": 1762061595.445375
  },
  "kernel": {
    "last_fetch": 1762061595.445375,
    "last_checkout": 1762061595.445375
  }
}