{
  "sel4runtime.git": 1.5525860786437988,
  "sel4test.git": 2.15256404876709,
  "sel4_projects_libs": 2.2671778202056885,
  "util_libs.git": 2.759796380996704,
  "seL4_libs.git": 2.8867368698120117,
  "nanopb": 3.060683012008667,
  "seL4_tools.git": 2.189711093902588,
  "opensbi": 2.866410970687866,
  "musllibc.git": 4.271823167800903,
  "seL4.git": 4.744889974594116
}